,0
0,index
1,SK_ID_CURR
2,TARGET
3,CODE_GENDER
4,FLAG_OWN_CAR
5,FLAG_OWN_REALTY
6,CNT_CHILDREN
7,AMT_INCOME_TOTAL
8,AMT_CREDIT
9,AMT_ANNUITY
10,AMT_GOODS_PRICE
11,REGION_POPULATION_RELATIVE
12,DAYS_BIRTH
13,DAYS_EMPLOYED
14,DAYS_REGISTRATION
15,DAYS_ID_PUBLISH
16,OWN_CAR_AGE
17,FLAG_MOBIL
18,FLAG_EMP_PHONE
19,FLAG_WORK_PHONE
20,FLAG_CONT_MOBILE
21,FLAG_PHONE
22,FLAG_EMAIL
23,CNT_FAM_MEMBERS
24,REGION_RATING_CLIENT
25,REGION_RATING_CLIENT_W_CITY
26,HOUR_APPR_PROCESS_START
27,REG_REGION_NOT_LIVE_REGION
28,REG_REGION_NOT_WORK_REGION
29,LIVE_REGION_NOT_WORK_REGION
30,REG_CITY_NOT_LIVE_CITY
31,REG_CITY_NOT_WORK_CITY
32,LIVE_CITY_NOT_WORK_CITY
33,EXT_SOURCE_1
34,EXT_SOURCE_2
35,EXT_SOURCE_3
36,APARTMENTS_AVG
37,BASEMENTAREA_AVG
38,YEARS_BEGINEXPLUATATION_AVG
39,YEARS_BUILD_AVG
40,COMMONAREA_AVG
41,ELEVATORS_AVG
42,ENTRANCES_AVG
43,FLOORSMAX_AVG
44,FLOORSMIN_AVG
45,LANDAREA_AVG
46,LIVINGAPARTMENTS_AVG
47,LIVINGAREA_AVG
48,NONLIVINGAPARTMENTS_AVG
49,NONLIVINGAREA_AVG
50,APARTMENTS_MODE
51,BASEMENTAREA_MODE
52,YEARS_BEGINEXPLUATATION_MODE
53,YEARS_BUILD_MODE
54,COMMONAREA_MODE
55,ELEVATORS_MODE
56,ENTRANCES_MODE
57,FLOORSMAX_MODE
58,FLOORSMIN_MODE
59,LANDAREA_MODE
60,LIVINGAPARTMENTS_MODE
61,LIVINGAREA_MODE
62,NONLIVINGAPARTMENTS_MODE
63,NONLIVINGAREA_MODE
64,APARTMENTS_MEDI
65,BASEMENTAREA_MEDI
66,YEARS_BEGINEXPLUATATION_MEDI
67,YEARS_BUILD_MEDI
68,COMMONAREA_MEDI
69,ELEVATORS_MEDI
70,ENTRANCES_MEDI
71,FLOORSMAX_MEDI
72,FLOORSMIN_MEDI
73,LANDAREA_MEDI
74,LIVINGAPARTMENTS_MEDI
75,LIVINGAREA_MEDI
76,NONLIVINGAPARTMENTS_MEDI
77,NONLIVINGAREA_MEDI
78,TOTALAREA_MODE
79,OBS_30_CNT_SOCIAL_CIRCLE
80,DEF_30_CNT_SOCIAL_CIRCLE
81,OBS_60_CNT_SOCIAL_CIRCLE
82,DEF_60_CNT_SOCIAL_CIRCLE
83,DAYS_LAST_PHONE_CHANGE
84,FLAG_DOCUMENT_2
85,FLAG_DOCUMENT_3
86,FLAG_DOCUMENT_4
87,FLAG_DOCUMENT_5
88,FLAG_DOCUMENT_6
89,FLAG_DOCUMENT_7
90,FLAG_DOCUMENT_8
91,FLAG_DOCUMENT_9
92,FLAG_DOCUMENT_10
93,FLAG_DOCUMENT_11
94,FLAG_DOCUMENT_12
95,FLAG_DOCUMENT_13
96,FLAG_DOCUMENT_14
97,FLAG_DOCUMENT_15
98,FLAG_DOCUMENT_16
99,FLAG_DOCUMENT_17
100,FLAG_DOCUMENT_18
101,FLAG_DOCUMENT_19
102,FLAG_DOCUMENT_20
103,FLAG_DOCUMENT_21
104,AMT_REQ_CREDIT_BUREAU_HOUR
105,AMT_REQ_CREDIT_BUREAU_DAY
106,AMT_REQ_CREDIT_BUREAU_WEEK
107,AMT_REQ_CREDIT_BUREAU_MON
108,AMT_REQ_CREDIT_BUREAU_QRT
109,AMT_REQ_CREDIT_BUREAU_YEAR
110,NAME_CONTRACT_TYPE_Cash loans
111,NAME_CONTRACT_TYPE_Revolving loans
112,NAME_TYPE_SUITE_Children
113,NAME_TYPE_SUITE_Family
114,NAME_TYPE_SUITE_Group of people
115,NAME_TYPE_SUITE_Other_A
116,NAME_TYPE_SUITE_Other_B
117,"NAME_TYPE_SUITE_Spouse, partner"
118,NAME_TYPE_SUITE_Unaccompanied
119,NAME_INCOME_TYPE_Businessman
120,NAME_INCOME_TYPE_Commercial associate
121,NAME_INCOME_TYPE_Maternity leave
122,NAME_INCOME_TYPE_Pensioner
123,NAME_INCOME_TYPE_State servant
124,NAME_INCOME_TYPE_Student
125,NAME_INCOME_TYPE_Unemployed
126,NAME_INCOME_TYPE_Working
127,NAME_EDUCATION_TYPE_Academic degree
128,NAME_EDUCATION_TYPE_Higher education
129,NAME_EDUCATION_TYPE_Incomplete higher
130,NAME_EDUCATION_TYPE_Lower secondary
131,NAME_EDUCATION_TYPE_Secondary / secondary special
132,NAME_FAMILY_STATUS_Civil marriage
133,NAME_FAMILY_STATUS_Married
134,NAME_FAMILY_STATUS_Separated
135,NAME_FAMILY_STATUS_Single / not married
136,NAME_FAMILY_STATUS_Unknown
137,NAME_FAMILY_STATUS_Widow
138,NAME_HOUSING_TYPE_Co-op apartment
139,NAME_HOUSING_TYPE_House / apartment
140,NAME_HOUSING_TYPE_Municipal apartment
141,NAME_HOUSING_TYPE_Office apartment
142,NAME_HOUSING_TYPE_Rented apartment
143,NAME_HOUSING_TYPE_With parents
144,OCCUPATION_TYPE_Accountants
145,OCCUPATION_TYPE_Cleaning staff
146,OCCUPATION_TYPE_Cooking staff
147,OCCUPATION_TYPE_Core staff
148,OCCUPATION_TYPE_Drivers
149,OCCUPATION_TYPE_HR staff
150,OCCUPATION_TYPE_High skill tech staff
151,OCCUPATION_TYPE_IT staff
152,OCCUPATION_TYPE_Laborers
153,OCCUPATION_TYPE_Low-skill Laborers
154,OCCUPATION_TYPE_Managers
155,OCCUPATION_TYPE_Medicine staff
156,OCCUPATION_TYPE_Private service staff
157,OCCUPATION_TYPE_Realty agents
158,OCCUPATION_TYPE_Sales staff
159,OCCUPATION_TYPE_Secretaries
160,OCCUPATION_TYPE_Security staff
161,OCCUPATION_TYPE_Waiters/barmen staff
162,WEEKDAY_APPR_PROCESS_START_FRIDAY
163,WEEKDAY_APPR_PROCESS_START_MONDAY
164,WEEKDAY_APPR_PROCESS_START_SATURDAY
165,WEEKDAY_APPR_PROCESS_START_SUNDAY
166,WEEKDAY_APPR_PROCESS_START_THURSDAY
167,WEEKDAY_APPR_PROCESS_START_TUESDAY
168,WEEKDAY_APPR_PROCESS_START_WEDNESDAY
169,ORGANIZATION_TYPE_Advertising
170,ORGANIZATION_TYPE_Agriculture
171,ORGANIZATION_TYPE_Bank
172,ORGANIZATION_TYPE_Business Entity Type 1
173,ORGANIZATION_TYPE_Business Entity Type 2
174,ORGANIZATION_TYPE_Business Entity Type 3
175,ORGANIZATION_TYPE_Cleaning
176,ORGANIZATION_TYPE_Construction
177,ORGANIZATION_TYPE_Culture
178,ORGANIZATION_TYPE_Electricity
179,ORGANIZATION_TYPE_Emergency
180,ORGANIZATION_TYPE_Government
181,ORGANIZATION_TYPE_Hotel
182,ORGANIZATION_TYPE_Housing
183,ORGANIZATION_TYPE_Industry: type 1
184,ORGANIZATION_TYPE_Industry: type 10
185,ORGANIZATION_TYPE_Industry: type 11
186,ORGANIZATION_TYPE_Industry: type 12
187,ORGANIZATION_TYPE_Industry: type 13
188,ORGANIZATION_TYPE_Industry: type 2
189,ORGANIZATION_TYPE_Industry: type 3
190,ORGANIZATION_TYPE_Industry: type 4
191,ORGANIZATION_TYPE_Industry: type 5
192,ORGANIZATION_TYPE_Industry: type 6
193,ORGANIZATION_TYPE_Industry: type 7
194,ORGANIZATION_TYPE_Industry: type 8
195,ORGANIZATION_TYPE_Industry: type 9
196,ORGANIZATION_TYPE_Insurance
197,ORGANIZATION_TYPE_Kindergarten
198,ORGANIZATION_TYPE_Legal Services
199,ORGANIZATION_TYPE_Medicine
200,ORGANIZATION_TYPE_Military
201,ORGANIZATION_TYPE_Mobile
202,ORGANIZATION_TYPE_Other
203,ORGANIZATION_TYPE_Police
204,ORGANIZATION_TYPE_Postal
205,ORGANIZATION_TYPE_Realtor
206,ORGANIZATION_TYPE_Religion
207,ORGANIZATION_TYPE_Restaurant
208,ORGANIZATION_TYPE_School
209,ORGANIZATION_TYPE_Security
210,ORGANIZATION_TYPE_Security Ministries
211,ORGANIZATION_TYPE_Self-employed
212,ORGANIZATION_TYPE_Services
213,ORGANIZATION_TYPE_Telecom
214,ORGANIZATION_TYPE_Trade: type 1
215,ORGANIZATION_TYPE_Trade: type 2
216,ORGANIZATION_TYPE_Trade: type 3
217,ORGANIZATION_TYPE_Trade: type 4
218,ORGANIZATION_TYPE_Trade: type 5
219,ORGANIZATION_TYPE_Trade: type 6
220,ORGANIZATION_TYPE_Trade: type 7
221,ORGANIZATION_TYPE_Transport: type 1
222,ORGANIZATION_TYPE_Transport: type 2
223,ORGANIZATION_TYPE_Transport: type 3
224,ORGANIZATION_TYPE_Transport: type 4
225,ORGANIZATION_TYPE_University
226,ORGANIZATION_TYPE_XNA
227,FONDKAPREMONT_MODE_not specified
228,FONDKAPREMONT_MODE_org spec account
229,FONDKAPREMONT_MODE_reg oper account
230,FONDKAPREMONT_MODE_reg oper spec account
231,HOUSETYPE_MODE_block of flats
232,HOUSETYPE_MODE_specific housing
233,HOUSETYPE_MODE_terraced house
234,WALLSMATERIAL_MODE_Block
235,WALLSMATERIAL_MODE_Mixed
236,WALLSMATERIAL_MODE_Monolithic
237,WALLSMATERIAL_MODE_Others
238,WALLSMATERIAL_MODE_Panel
239,"WALLSMATERIAL_MODE_Stone, brick"
240,WALLSMATERIAL_MODE_Wooden
241,EMERGENCYSTATE_MODE_No
242,EMERGENCYSTATE_MODE_Yes
243,DAYS_EMPLOYED_PERC
244,INCOME_CREDIT_PERC
245,INCOME_PER_PERSON
246,ANNUITY_INCOME_PERC
247,PAYMENT_RATE
248,BURO_DAYS_CREDIT_MIN
249,BURO_DAYS_CREDIT_MAX
250,BURO_DAYS_CREDIT_MEAN
251,BURO_DAYS_CREDIT_VAR
252,BURO_DAYS_CREDIT_ENDDATE_MIN
253,BURO_DAYS_CREDIT_ENDDATE_MAX
254,BURO_DAYS_CREDIT_ENDDATE_MEAN
255,BURO_DAYS_CREDIT_UPDATE_MEAN
256,BURO_CREDIT_DAY_OVERDUE_MAX
257,BURO_CREDIT_DAY_OVERDUE_MEAN
258,BURO_AMT_CREDIT_MAX_OVERDUE_MEAN
259,BURO_AMT_CREDIT_SUM_MAX
260,BURO_AMT_CREDIT_SUM_MEAN
261,BURO_AMT_CREDIT_SUM_SUM
262,BURO_AMT_CREDIT_SUM_DEBT_MAX
263,BURO_AMT_CREDIT_SUM_DEBT_MEAN
264,BURO_AMT_CREDIT_SUM_DEBT_SUM
265,BURO_AMT_CREDIT_SUM_OVERDUE_MEAN
266,BURO_AMT_CREDIT_SUM_LIMIT_MEAN
267,BURO_AMT_CREDIT_SUM_LIMIT_SUM
268,BURO_AMT_ANNUITY_MAX
269,BURO_AMT_ANNUITY_MEAN
270,BURO_CNT_CREDIT_PROLONG_SUM
271,BURO_MONTHS_BALANCE_MIN_MIN
272,BURO_MONTHS_BALANCE_MAX_MAX
273,BURO_MONTHS_BALANCE_SIZE_MEAN
274,BURO_MONTHS_BALANCE_SIZE_SUM
275,BURO_CREDIT_ACTIVE_Active_MEAN
276,BURO_CREDIT_ACTIVE_Bad debt_MEAN
277,BURO_CREDIT_ACTIVE_Closed_MEAN
278,BURO_CREDIT_ACTIVE_Sold_MEAN
279,BURO_CREDIT_ACTIVE_nan_MEAN
280,BURO_CREDIT_CURRENCY_currency 1_MEAN
281,BURO_CREDIT_CURRENCY_currency 2_MEAN
282,BURO_CREDIT_CURRENCY_currency 3_MEAN
283,BURO_CREDIT_CURRENCY_currency 4_MEAN
284,BURO_CREDIT_CURRENCY_nan_MEAN
285,BURO_CREDIT_TYPE_Another type of loan_MEAN
286,BURO_CREDIT_TYPE_Car loan_MEAN
287,BURO_CREDIT_TYPE_Cash loan (non-earmarked)_MEAN
288,BURO_CREDIT_TYPE_Consumer credit_MEAN
289,BURO_CREDIT_TYPE_Credit card_MEAN
290,BURO_CREDIT_TYPE_Loan for business development_MEAN
291,BURO_CREDIT_TYPE_Loan for the purchase of equipment_MEAN
292,BURO_CREDIT_TYPE_Loan for working capital replenishment_MEAN
293,BURO_CREDIT_TYPE_Microloan_MEAN
294,BURO_CREDIT_TYPE_Mortgage_MEAN
295,BURO_CREDIT_TYPE_Real estate loan_MEAN
296,BURO_CREDIT_TYPE_Unknown type of loan_MEAN
297,BURO_CREDIT_TYPE_nan_MEAN
298,BURO_STATUS_0_MEAN_MEAN
299,BURO_STATUS_1_MEAN_MEAN
300,BURO_STATUS_2_MEAN_MEAN
301,BURO_STATUS_3_MEAN_MEAN
302,BURO_STATUS_4_MEAN_MEAN
303,BURO_STATUS_5_MEAN_MEAN
304,BURO_STATUS_C_MEAN_MEAN
305,BURO_STATUS_X_MEAN_MEAN
306,BURO_STATUS_nan_MEAN_MEAN
307,ACTIVE_DAYS_CREDIT_MIN
308,ACTIVE_DAYS_CREDIT_MAX
309,ACTIVE_DAYS_CREDIT_MEAN
310,ACTIVE_DAYS_CREDIT_VAR
311,ACTIVE_DAYS_CREDIT_ENDDATE_MIN
312,ACTIVE_DAYS_CREDIT_ENDDATE_MAX
313,ACTIVE_DAYS_CREDIT_ENDDATE_MEAN
314,ACTIVE_DAYS_CREDIT_UPDATE_MEAN
315,ACTIVE_CREDIT_DAY_OVERDUE_MAX
316,ACTIVE_CREDIT_DAY_OVERDUE_MEAN
317,ACTIVE_AMT_CREDIT_MAX_OVERDUE_MEAN
318,ACTIVE_AMT_CREDIT_SUM_MAX
319,ACTIVE_AMT_CREDIT_SUM_MEAN
320,ACTIVE_AMT_CREDIT_SUM_SUM
321,ACTIVE_AMT_CREDIT_SUM_DEBT_MAX
322,ACTIVE_AMT_CREDIT_SUM_DEBT_MEAN
323,ACTIVE_AMT_CREDIT_SUM_DEBT_SUM
324,ACTIVE_AMT_CREDIT_SUM_OVERDUE_MEAN
325,ACTIVE_AMT_CREDIT_SUM_LIMIT_MEAN
326,ACTIVE_AMT_CREDIT_SUM_LIMIT_SUM
327,ACTIVE_AMT_ANNUITY_MAX
328,ACTIVE_AMT_ANNUITY_MEAN
329,ACTIVE_CNT_CREDIT_PROLONG_SUM
330,ACTIVE_MONTHS_BALANCE_MIN_MIN
331,ACTIVE_MONTHS_BALANCE_MAX_MAX
332,ACTIVE_MONTHS_BALANCE_SIZE_MEAN
333,ACTIVE_MONTHS_BALANCE_SIZE_SUM
334,CLOSED_DAYS_CREDIT_MIN
335,CLOSED_DAYS_CREDIT_MAX
336,CLOSED_DAYS_CREDIT_MEAN
337,CLOSED_DAYS_CREDIT_VAR
338,CLOSED_DAYS_CREDIT_ENDDATE_MIN
339,CLOSED_DAYS_CREDIT_ENDDATE_MAX
340,CLOSED_DAYS_CREDIT_ENDDATE_MEAN
341,CLOSED_DAYS_CREDIT_UPDATE_MEAN
342,CLOSED_CREDIT_DAY_OVERDUE_MAX
343,CLOSED_CREDIT_DAY_OVERDUE_MEAN
344,CLOSED_AMT_CREDIT_MAX_OVERDUE_MEAN
345,CLOSED_AMT_CREDIT_SUM_MAX
346,CLOSED_AMT_CREDIT_SUM_MEAN
347,CLOSED_AMT_CREDIT_SUM_SUM
348,CLOSED_AMT_CREDIT_SUM_DEBT_MAX
349,CLOSED_AMT_CREDIT_SUM_DEBT_MEAN
350,CLOSED_AMT_CREDIT_SUM_DEBT_SUM
351,CLOSED_AMT_CREDIT_SUM_OVERDUE_MEAN
352,CLOSED_AMT_CREDIT_SUM_LIMIT_MEAN
353,CLOSED_AMT_CREDIT_SUM_LIMIT_SUM
354,CLOSED_AMT_ANNUITY_MAX
355,CLOSED_AMT_ANNUITY_MEAN
356,CLOSED_CNT_CREDIT_PROLONG_SUM
357,CLOSED_MONTHS_BALANCE_MIN_MIN
358,CLOSED_MONTHS_BALANCE_MAX_MAX
359,CLOSED_MONTHS_BALANCE_SIZE_MEAN
360,CLOSED_MONTHS_BALANCE_SIZE_SUM
361,PREV_AMT_ANNUITY_MIN
362,PREV_AMT_ANNUITY_MAX
363,PREV_AMT_ANNUITY_MEAN
364,PREV_AMT_APPLICATION_MIN
365,PREV_AMT_APPLICATION_MAX
366,PREV_AMT_APPLICATION_MEAN
367,PREV_AMT_CREDIT_MIN
368,PREV_AMT_CREDIT_MAX
369,PREV_AMT_CREDIT_MEAN
370,PREV_APP_CREDIT_PERC_MIN
371,PREV_APP_CREDIT_PERC_MAX
372,PREV_APP_CREDIT_PERC_MEAN
373,PREV_APP_CREDIT_PERC_VAR
374,PREV_AMT_DOWN_PAYMENT_MIN
375,PREV_AMT_DOWN_PAYMENT_MAX
376,PREV_AMT_DOWN_PAYMENT_MEAN
377,PREV_AMT_GOODS_PRICE_MIN
378,PREV_AMT_GOODS_PRICE_MAX
379,PREV_AMT_GOODS_PRICE_MEAN
380,PREV_HOUR_APPR_PROCESS_START_MIN
381,PREV_HOUR_APPR_PROCESS_START_MAX
382,PREV_HOUR_APPR_PROCESS_START_MEAN
383,PREV_RATE_DOWN_PAYMENT_MIN
384,PREV_RATE_DOWN_PAYMENT_MAX
385,PREV_RATE_DOWN_PAYMENT_MEAN
386,PREV_DAYS_DECISION_MIN
387,PREV_DAYS_DECISION_MAX
388,PREV_DAYS_DECISION_MEAN
389,PREV_CNT_PAYMENT_MEAN
390,PREV_CNT_PAYMENT_SUM
391,PREV_NAME_CONTRACT_TYPE_Cash loans_MEAN
392,PREV_NAME_CONTRACT_TYPE_Consumer loans_MEAN
393,PREV_NAME_CONTRACT_TYPE_Revolving loans_MEAN
394,PREV_NAME_CONTRACT_TYPE_XNA_MEAN
395,PREV_NAME_CONTRACT_TYPE_nan_MEAN
396,PREV_WEEKDAY_APPR_PROCESS_START_FRIDAY_MEAN
397,PREV_WEEKDAY_APPR_PROCESS_START_MONDAY_MEAN
398,PREV_WEEKDAY_APPR_PROCESS_START_SATURDAY_MEAN
399,PREV_WEEKDAY_APPR_PROCESS_START_SUNDAY_MEAN
400,PREV_WEEKDAY_APPR_PROCESS_START_THURSDAY_MEAN
401,PREV_WEEKDAY_APPR_PROCESS_START_TUESDAY_MEAN
402,PREV_WEEKDAY_APPR_PROCESS_START_WEDNESDAY_MEAN
403,PREV_WEEKDAY_APPR_PROCESS_START_nan_MEAN
404,PREV_FLAG_LAST_APPL_PER_CONTRACT_N_MEAN
405,PREV_FLAG_LAST_APPL_PER_CONTRACT_Y_MEAN
406,PREV_FLAG_LAST_APPL_PER_CONTRACT_nan_MEAN
407,PREV_NAME_CASH_LOAN_PURPOSE_Building a house or an annex_MEAN
408,PREV_NAME_CASH_LOAN_PURPOSE_Business development_MEAN
409,PREV_NAME_CASH_LOAN_PURPOSE_Buying a garage_MEAN
410,PREV_NAME_CASH_LOAN_PURPOSE_Buying a holiday home / land_MEAN
411,PREV_NAME_CASH_LOAN_PURPOSE_Buying a home_MEAN
412,PREV_NAME_CASH_LOAN_PURPOSE_Buying a new car_MEAN
413,PREV_NAME_CASH_LOAN_PURPOSE_Buying a used car_MEAN
414,PREV_NAME_CASH_LOAN_PURPOSE_Car repairs_MEAN
415,PREV_NAME_CASH_LOAN_PURPOSE_Education_MEAN
416,PREV_NAME_CASH_LOAN_PURPOSE_Everyday expenses_MEAN
417,PREV_NAME_CASH_LOAN_PURPOSE_Furniture_MEAN
418,PREV_NAME_CASH_LOAN_PURPOSE_Gasification / water supply_MEAN
419,PREV_NAME_CASH_LOAN_PURPOSE_Hobby_MEAN
420,PREV_NAME_CASH_LOAN_PURPOSE_Journey_MEAN
421,PREV_NAME_CASH_LOAN_PURPOSE_Medicine_MEAN
422,PREV_NAME_CASH_LOAN_PURPOSE_Money for a third person_MEAN
423,PREV_NAME_CASH_LOAN_PURPOSE_Other_MEAN
424,PREV_NAME_CASH_LOAN_PURPOSE_Payments on other loans_MEAN
425,PREV_NAME_CASH_LOAN_PURPOSE_Purchase of electronic equipment_MEAN
426,PREV_NAME_CASH_LOAN_PURPOSE_Refusal to name the goal_MEAN
427,PREV_NAME_CASH_LOAN_PURPOSE_Repairs_MEAN
428,PREV_NAME_CASH_LOAN_PURPOSE_Urgent needs_MEAN
429,PREV_NAME_CASH_LOAN_PURPOSE_Wedding / gift / holiday_MEAN
430,PREV_NAME_CASH_LOAN_PURPOSE_XAP_MEAN
431,PREV_NAME_CASH_LOAN_PURPOSE_XNA_MEAN
432,PREV_NAME_CASH_LOAN_PURPOSE_nan_MEAN
433,PREV_NAME_CONTRACT_STATUS_Approved_MEAN
434,PREV_NAME_CONTRACT_STATUS_Canceled_MEAN
435,PREV_NAME_CONTRACT_STATUS_Refused_MEAN
436,PREV_NAME_CONTRACT_STATUS_Unused offer_MEAN
437,PREV_NAME_CONTRACT_STATUS_nan_MEAN
438,PREV_NAME_PAYMENT_TYPE_Cash through the bank_MEAN
439,PREV_NAME_PAYMENT_TYPE_Cashless from the account of the employer_MEAN
440,PREV_NAME_PAYMENT_TYPE_Non-cash from your account_MEAN
441,PREV_NAME_PAYMENT_TYPE_XNA_MEAN
442,PREV_NAME_PAYMENT_TYPE_nan_MEAN
443,PREV_CODE_REJECT_REASON_CLIENT_MEAN
444,PREV_CODE_REJECT_REASON_HC_MEAN
445,PREV_CODE_REJECT_REASON_LIMIT_MEAN
446,PREV_CODE_REJECT_REASON_SCO_MEAN
447,PREV_CODE_REJECT_REASON_SCOFR_MEAN
448,PREV_CODE_REJECT_REASON_SYSTEM_MEAN
449,PREV_CODE_REJECT_REASON_VERIF_MEAN
450,PREV_CODE_REJECT_REASON_XAP_MEAN
451,PREV_CODE_REJECT_REASON_XNA_MEAN
452,PREV_CODE_REJECT_REASON_nan_MEAN
453,PREV_NAME_TYPE_SUITE_Children_MEAN
454,PREV_NAME_TYPE_SUITE_Family_MEAN
455,PREV_NAME_TYPE_SUITE_Group of people_MEAN
456,PREV_NAME_TYPE_SUITE_Other_A_MEAN
457,PREV_NAME_TYPE_SUITE_Other_B_MEAN
458,"PREV_NAME_TYPE_SUITE_Spouse, partner_MEAN"
459,PREV_NAME_TYPE_SUITE_Unaccompanied_MEAN
460,PREV_NAME_TYPE_SUITE_nan_MEAN
461,PREV_NAME_CLIENT_TYPE_New_MEAN
462,PREV_NAME_CLIENT_TYPE_Refreshed_MEAN
463,PREV_NAME_CLIENT_TYPE_Repeater_MEAN
464,PREV_NAME_CLIENT_TYPE_XNA_MEAN
465,PREV_NAME_CLIENT_TYPE_nan_MEAN
466,PREV_NAME_GOODS_CATEGORY_Additional Service_MEAN
467,PREV_NAME_GOODS_CATEGORY_Audio/Video_MEAN
468,PREV_NAME_GOODS_CATEGORY_Auto Accessories_MEAN
469,PREV_NAME_GOODS_CATEGORY_Clothing and Accessories_MEAN
470,PREV_NAME_GOODS_CATEGORY_Computers_MEAN
471,PREV_NAME_GOODS_CATEGORY_Construction Materials_MEAN
472,PREV_NAME_GOODS_CATEGORY_Consumer Electronics_MEAN
473,PREV_NAME_GOODS_CATEGORY_Direct Sales_MEAN
474,PREV_NAME_GOODS_CATEGORY_Education_MEAN
475,PREV_NAME_GOODS_CATEGORY_Fitness_MEAN
476,PREV_NAME_GOODS_CATEGORY_Furniture_MEAN
477,PREV_NAME_GOODS_CATEGORY_Gardening_MEAN
478,PREV_NAME_GOODS_CATEGORY_Homewares_MEAN
479,PREV_NAME_GOODS_CATEGORY_Insurance_MEAN
480,PREV_NAME_GOODS_CATEGORY_Jewelry_MEAN
481,PREV_NAME_GOODS_CATEGORY_Medical Supplies_MEAN
482,PREV_NAME_GOODS_CATEGORY_Medicine_MEAN
483,PREV_NAME_GOODS_CATEGORY_Mobile_MEAN
484,PREV_NAME_GOODS_CATEGORY_Office Appliances_MEAN
485,PREV_NAME_GOODS_CATEGORY_Other_MEAN
486,PREV_NAME_GOODS_CATEGORY_Photo / Cinema Equipment_MEAN
487,PREV_NAME_GOODS_CATEGORY_Sport and Leisure_MEAN
488,PREV_NAME_GOODS_CATEGORY_Tourism_MEAN
489,PREV_NAME_GOODS_CATEGORY_Vehicles_MEAN
490,PREV_NAME_GOODS_CATEGORY_Weapon_MEAN
491,PREV_NAME_GOODS_CATEGORY_XNA_MEAN
492,PREV_NAME_GOODS_CATEGORY_nan_MEAN
493,PREV_NAME_PORTFOLIO_Cards_MEAN
494,PREV_NAME_PORTFOLIO_Cars_MEAN
495,PREV_NAME_PORTFOLIO_Cash_MEAN
496,PREV_NAME_PORTFOLIO_POS_MEAN
497,PREV_NAME_PORTFOLIO_XNA_MEAN
498,PREV_NAME_PORTFOLIO_nan_MEAN
499,PREV_NAME_PRODUCT_TYPE_XNA_MEAN
500,PREV_NAME_PRODUCT_TYPE_walk-in_MEAN
501,PREV_NAME_PRODUCT_TYPE_x-sell_MEAN
502,PREV_NAME_PRODUCT_TYPE_nan_MEAN
503,PREV_CHANNEL_TYPE_AP+ (Cash loan)_MEAN
504,PREV_CHANNEL_TYPE_Car dealer_MEAN
505,PREV_CHANNEL_TYPE_Channel of corporate sales_MEAN
506,PREV_CHANNEL_TYPE_Contact center_MEAN
507,PREV_CHANNEL_TYPE_Country-wide_MEAN
508,PREV_CHANNEL_TYPE_Credit and cash offices_MEAN
509,PREV_CHANNEL_TYPE_Regional / Local_MEAN
510,PREV_CHANNEL_TYPE_Stone_MEAN
511,PREV_CHANNEL_TYPE_nan_MEAN
512,PREV_NAME_SELLER_INDUSTRY_Auto technology_MEAN
513,PREV_NAME_SELLER_INDUSTRY_Clothing_MEAN
514,PREV_NAME_SELLER_INDUSTRY_Connectivity_MEAN
515,PREV_NAME_SELLER_INDUSTRY_Construction_MEAN
516,PREV_NAME_SELLER_INDUSTRY_Consumer electronics_MEAN
517,PREV_NAME_SELLER_INDUSTRY_Furniture_MEAN
518,PREV_NAME_SELLER_INDUSTRY_Industry_MEAN
519,PREV_NAME_SELLER_INDUSTRY_Jewelry_MEAN
520,PREV_NAME_SELLER_INDUSTRY_MLM partners_MEAN
521,PREV_NAME_SELLER_INDUSTRY_Tourism_MEAN
522,PREV_NAME_SELLER_INDUSTRY_XNA_MEAN
523,PREV_NAME_SELLER_INDUSTRY_nan_MEAN
524,PREV_NAME_YIELD_GROUP_XNA_MEAN
525,PREV_NAME_YIELD_GROUP_high_MEAN
526,PREV_NAME_YIELD_GROUP_low_action_MEAN
527,PREV_NAME_YIELD_GROUP_low_normal_MEAN
528,PREV_NAME_YIELD_GROUP_middle_MEAN
529,PREV_NAME_YIELD_GROUP_nan_MEAN
530,PREV_PRODUCT_COMBINATION_Card Street_MEAN
531,PREV_PRODUCT_COMBINATION_Card X-Sell_MEAN
532,PREV_PRODUCT_COMBINATION_Cash_MEAN
533,PREV_PRODUCT_COMBINATION_Cash Street: high_MEAN
534,PREV_PRODUCT_COMBINATION_Cash Street: low_MEAN
535,PREV_PRODUCT_COMBINATION_Cash Street: middle_MEAN
536,PREV_PRODUCT_COMBINATION_Cash X-Sell: high_MEAN
537,PREV_PRODUCT_COMBINATION_Cash X-Sell: low_MEAN
538,PREV_PRODUCT_COMBINATION_Cash X-Sell: middle_MEAN
539,PREV_PRODUCT_COMBINATION_POS household with interest_MEAN
540,PREV_PRODUCT_COMBINATION_POS household without interest_MEAN
541,PREV_PRODUCT_COMBINATION_POS industry with interest_MEAN
542,PREV_PRODUCT_COMBINATION_POS industry without interest_MEAN
543,PREV_PRODUCT_COMBINATION_POS mobile with interest_MEAN
544,PREV_PRODUCT_COMBINATION_POS mobile without interest_MEAN
545,PREV_PRODUCT_COMBINATION_POS other with interest_MEAN
546,PREV_PRODUCT_COMBINATION_POS others without interest_MEAN
547,PREV_PRODUCT_COMBINATION_nan_MEAN
548,APPROVED_AMT_ANNUITY_MIN
549,APPROVED_AMT_ANNUITY_MAX
550,APPROVED_AMT_ANNUITY_MEAN
551,APPROVED_AMT_APPLICATION_MIN
552,APPROVED_AMT_APPLICATION_MAX
553,APPROVED_AMT_APPLICATION_MEAN
554,APPROVED_AMT_CREDIT_MIN
555,APPROVED_AMT_CREDIT_MAX
556,APPROVED_AMT_CREDIT_MEAN
557,APPROVED_APP_CREDIT_PERC_MIN
558,APPROVED_APP_CREDIT_PERC_MAX
559,APPROVED_APP_CREDIT_PERC_MEAN
560,APPROVED_APP_CREDIT_PERC_VAR
561,APPROVED_AMT_DOWN_PAYMENT_MIN
562,APPROVED_AMT_DOWN_PAYMENT_MAX
563,APPROVED_AMT_DOWN_PAYMENT_MEAN
564,APPROVED_AMT_GOODS_PRICE_MIN
565,APPROVED_AMT_GOODS_PRICE_MAX
566,APPROVED_AMT_GOODS_PRICE_MEAN
567,APPROVED_HOUR_APPR_PROCESS_START_MIN
568,APPROVED_HOUR_APPR_PROCESS_START_MAX
569,APPROVED_HOUR_APPR_PROCESS_START_MEAN
570,APPROVED_RATE_DOWN_PAYMENT_MIN
571,APPROVED_RATE_DOWN_PAYMENT_MAX
572,APPROVED_RATE_DOWN_PAYMENT_MEAN
573,APPROVED_DAYS_DECISION_MIN
574,APPROVED_DAYS_DECISION_MAX
575,APPROVED_DAYS_DECISION_MEAN
576,APPROVED_CNT_PAYMENT_MEAN
577,APPROVED_CNT_PAYMENT_SUM
578,REFUSED_AMT_ANNUITY_MIN
579,REFUSED_AMT_ANNUITY_MAX
580,REFUSED_AMT_ANNUITY_MEAN
581,REFUSED_AMT_APPLICATION_MIN
582,REFUSED_AMT_APPLICATION_MAX
583,REFUSED_AMT_APPLICATION_MEAN
584,REFUSED_AMT_CREDIT_MIN
585,REFUSED_AMT_CREDIT_MAX
586,REFUSED_AMT_CREDIT_MEAN
587,REFUSED_APP_CREDIT_PERC_MIN
588,REFUSED_APP_CREDIT_PERC_MAX
589,REFUSED_APP_CREDIT_PERC_MEAN
590,REFUSED_APP_CREDIT_PERC_VAR
591,REFUSED_AMT_DOWN_PAYMENT_MIN
592,REFUSED_AMT_DOWN_PAYMENT_MAX
593,REFUSED_AMT_DOWN_PAYMENT_MEAN
594,REFUSED_AMT_GOODS_PRICE_MIN
595,REFUSED_AMT_GOODS_PRICE_MAX
596,REFUSED_AMT_GOODS_PRICE_MEAN
597,REFUSED_HOUR_APPR_PROCESS_START_MIN
598,REFUSED_HOUR_APPR_PROCESS_START_MAX
599,REFUSED_HOUR_APPR_PROCESS_START_MEAN
600,REFUSED_RATE_DOWN_PAYMENT_MIN
601,REFUSED_RATE_DOWN_PAYMENT_MAX
602,REFUSED_RATE_DOWN_PAYMENT_MEAN
603,REFUSED_DAYS_DECISION_MIN
604,REFUSED_DAYS_DECISION_MAX
605,REFUSED_DAYS_DECISION_MEAN
606,REFUSED_CNT_PAYMENT_MEAN
607,REFUSED_CNT_PAYMENT_SUM
608,POS_MONTHS_BALANCE_MAX
609,POS_MONTHS_BALANCE_MEAN
610,POS_MONTHS_BALANCE_SIZE
611,POS_SK_DPD_MAX
612,POS_SK_DPD_MEAN
613,POS_SK_DPD_DEF_MAX
614,POS_SK_DPD_DEF_MEAN
615,POS_NAME_CONTRACT_STATUS_Active_MEAN
616,POS_NAME_CONTRACT_STATUS_Approved_MEAN
617,POS_NAME_CONTRACT_STATUS_Completed_MEAN
618,POS_NAME_CONTRACT_STATUS_Demand_MEAN
619,POS_NAME_CONTRACT_STATUS_Returned to the store_MEAN
620,POS_NAME_CONTRACT_STATUS_Signed_MEAN
621,POS_NAME_CONTRACT_STATUS_nan_MEAN
622,POS_COUNT
623,INSTAL_NUM_INSTALMENT_VERSION_NUNIQUE
624,INSTAL_DPD_MAX
625,INSTAL_DPD_MEAN
626,INSTAL_DPD_SUM
627,INSTAL_DBD_MAX
628,INSTAL_DBD_MEAN
629,INSTAL_DBD_SUM
630,INSTAL_PAYMENT_PERC_MAX
631,INSTAL_PAYMENT_PERC_MEAN
632,INSTAL_PAYMENT_PERC_SUM
633,INSTAL_PAYMENT_PERC_VAR
634,INSTAL_PAYMENT_DIFF_MAX
635,INSTAL_PAYMENT_DIFF_MEAN
636,INSTAL_PAYMENT_DIFF_SUM
637,INSTAL_PAYMENT_DIFF_VAR
638,INSTAL_AMT_INSTALMENT_MAX
639,INSTAL_AMT_INSTALMENT_MEAN
640,INSTAL_AMT_INSTALMENT_SUM
641,INSTAL_AMT_PAYMENT_MIN
642,INSTAL_AMT_PAYMENT_MAX
643,INSTAL_AMT_PAYMENT_MEAN
644,INSTAL_AMT_PAYMENT_SUM
645,INSTAL_DAYS_ENTRY_PAYMENT_MAX
646,INSTAL_DAYS_ENTRY_PAYMENT_MEAN
647,INSTAL_DAYS_ENTRY_PAYMENT_SUM
648,INSTAL_COUNT
649,CC_MONTHS_BALANCE_MIN
650,CC_MONTHS_BALANCE_MAX
651,CC_MONTHS_BALANCE_MEAN
652,CC_MONTHS_BALANCE_SUM
653,CC_MONTHS_BALANCE_VAR
654,CC_AMT_BALANCE_MIN
655,CC_AMT_BALANCE_MAX
656,CC_AMT_BALANCE_MEAN
657,CC_AMT_BALANCE_SUM
658,CC_AMT_BALANCE_VAR
659,CC_AMT_CREDIT_LIMIT_ACTUAL_MIN
660,CC_AMT_CREDIT_LIMIT_ACTUAL_MAX
661,CC_AMT_CREDIT_LIMIT_ACTUAL_MEAN
662,CC_AMT_CREDIT_LIMIT_ACTUAL_SUM
663,CC_AMT_CREDIT_LIMIT_ACTUAL_VAR
664,CC_AMT_DRAWINGS_ATM_CURRENT_MIN
665,CC_AMT_DRAWINGS_ATM_CURRENT_MAX
666,CC_AMT_DRAWINGS_ATM_CURRENT_MEAN
667,CC_AMT_DRAWINGS_ATM_CURRENT_SUM
668,CC_AMT_DRAWINGS_ATM_CURRENT_VAR
669,CC_AMT_DRAWINGS_CURRENT_MIN
670,CC_AMT_DRAWINGS_CURRENT_MAX
671,CC_AMT_DRAWINGS_CURRENT_MEAN
672,CC_AMT_DRAWINGS_CURRENT_SUM
673,CC_AMT_DRAWINGS_CURRENT_VAR
674,CC_AMT_DRAWINGS_OTHER_CURRENT_MIN
675,CC_AMT_DRAWINGS_OTHER_CURRENT_MAX
676,CC_AMT_DRAWINGS_OTHER_CURRENT_MEAN
677,CC_AMT_DRAWINGS_OTHER_CURRENT_SUM
678,CC_AMT_DRAWINGS_OTHER_CURRENT_VAR
679,CC_AMT_DRAWINGS_POS_CURRENT_MIN
680,CC_AMT_DRAWINGS_POS_CURRENT_MAX
681,CC_AMT_DRAWINGS_POS_CURRENT_MEAN
682,CC_AMT_DRAWINGS_POS_CURRENT_SUM
683,CC_AMT_DRAWINGS_POS_CURRENT_VAR
684,CC_AMT_INST_MIN_REGULARITY_MIN
685,CC_AMT_INST_MIN_REGULARITY_MAX
686,CC_AMT_INST_MIN_REGULARITY_MEAN
687,CC_AMT_INST_MIN_REGULARITY_SUM
688,CC_AMT_INST_MIN_REGULARITY_VAR
689,CC_AMT_PAYMENT_CURRENT_MIN
690,CC_AMT_PAYMENT_CURRENT_MAX
691,CC_AMT_PAYMENT_CURRENT_MEAN
692,CC_AMT_PAYMENT_CURRENT_SUM
693,CC_AMT_PAYMENT_CURRENT_VAR
694,CC_AMT_PAYMENT_TOTAL_CURRENT_MIN
695,CC_AMT_PAYMENT_TOTAL_CURRENT_MAX
696,CC_AMT_PAYMENT_TOTAL_CURRENT_MEAN
697,CC_AMT_PAYMENT_TOTAL_CURRENT_SUM
698,CC_AMT_PAYMENT_TOTAL_CURRENT_VAR
699,CC_AMT_RECEIVABLE_PRINCIPAL_MIN
700,CC_AMT_RECEIVABLE_PRINCIPAL_MAX
701,CC_AMT_RECEIVABLE_PRINCIPAL_MEAN
702,CC_AMT_RECEIVABLE_PRINCIPAL_SUM
703,CC_AMT_RECEIVABLE_PRINCIPAL_VAR
704,CC_AMT_RECIVABLE_MIN
705,CC_AMT_RECIVABLE_MAX
706,CC_AMT_RECIVABLE_MEAN
707,CC_AMT_RECIVABLE_SUM
708,CC_AMT_RECIVABLE_VAR
709,CC_AMT_TOTAL_RECEIVABLE_MIN
710,CC_AMT_TOTAL_RECEIVABLE_MAX
711,CC_AMT_TOTAL_RECEIVABLE_MEAN
712,CC_AMT_TOTAL_RECEIVABLE_SUM
713,CC_AMT_TOTAL_RECEIVABLE_VAR
714,CC_CNT_DRAWINGS_ATM_CURRENT_MIN
715,CC_CNT_DRAWINGS_ATM_CURRENT_MAX
716,CC_CNT_DRAWINGS_ATM_CURRENT_MEAN
717,CC_CNT_DRAWINGS_ATM_CURRENT_SUM
718,CC_CNT_DRAWINGS_ATM_CURRENT_VAR
719,CC_CNT_DRAWINGS_CURRENT_MIN
720,CC_CNT_DRAWINGS_CURRENT_MAX
721,CC_CNT_DRAWINGS_CURRENT_MEAN
722,CC_CNT_DRAWINGS_CURRENT_SUM
723,CC_CNT_DRAWINGS_CURRENT_VAR
724,CC_CNT_DRAWINGS_OTHER_CURRENT_MIN
725,CC_CNT_DRAWINGS_OTHER_CURRENT_MAX
726,CC_CNT_DRAWINGS_OTHER_CURRENT_MEAN
727,CC_CNT_DRAWINGS_OTHER_CURRENT_SUM
728,CC_CNT_DRAWINGS_OTHER_CURRENT_VAR
729,CC_CNT_DRAWINGS_POS_CURRENT_MIN
730,CC_CNT_DRAWINGS_POS_CURRENT_MAX
731,CC_CNT_DRAWINGS_POS_CURRENT_MEAN
732,CC_CNT_DRAWINGS_POS_CURRENT_SUM
733,CC_CNT_DRAWINGS_POS_CURRENT_VAR
734,CC_CNT_INSTALMENT_MATURE_CUM_MIN
735,CC_CNT_INSTALMENT_MATURE_CUM_MAX
736,CC_CNT_INSTALMENT_MATURE_CUM_MEAN
737,CC_CNT_INSTALMENT_MATURE_CUM_SUM
738,CC_CNT_INSTALMENT_MATURE_CUM_VAR
739,CC_SK_DPD_MIN
740,CC_SK_DPD_MAX
741,CC_SK_DPD_MEAN
742,CC_SK_DPD_SUM
743,CC_SK_DPD_VAR
744,CC_SK_DPD_DEF_MIN
745,CC_SK_DPD_DEF_MAX
746,CC_SK_DPD_DEF_MEAN
747,CC_SK_DPD_DEF_SUM
748,CC_SK_DPD_DEF_VAR
749,CC_NAME_CONTRACT_STATUS_Active_MIN
750,CC_NAME_CONTRACT_STATUS_Active_MAX
751,CC_NAME_CONTRACT_STATUS_Active_MEAN
752,CC_NAME_CONTRACT_STATUS_Active_SUM
753,CC_NAME_CONTRACT_STATUS_Active_VAR
754,CC_NAME_CONTRACT_STATUS_Completed_MIN
755,CC_NAME_CONTRACT_STATUS_Completed_MAX
756,CC_NAME_CONTRACT_STATUS_Completed_MEAN
757,CC_NAME_CONTRACT_STATUS_Completed_SUM
758,CC_NAME_CONTRACT_STATUS_Completed_VAR
759,CC_NAME_CONTRACT_STATUS_Demand_MIN
760,CC_NAME_CONTRACT_STATUS_Demand_MAX
761,CC_NAME_CONTRACT_STATUS_Demand_MEAN
762,CC_NAME_CONTRACT_STATUS_Demand_SUM
763,CC_NAME_CONTRACT_STATUS_Demand_VAR
764,CC_NAME_CONTRACT_STATUS_Sent proposal_MIN
765,CC_NAME_CONTRACT_STATUS_Sent proposal_MAX
766,CC_NAME_CONTRACT_STATUS_Sent proposal_MEAN
767,CC_NAME_CONTRACT_STATUS_Sent proposal_SUM
768,CC_NAME_CONTRACT_STATUS_Sent proposal_VAR
769,CC_NAME_CONTRACT_STATUS_Signed_MIN
770,CC_NAME_CONTRACT_STATUS_Signed_MAX
771,CC_NAME_CONTRACT_STATUS_Signed_MEAN
772,CC_NAME_CONTRACT_STATUS_Signed_SUM
773,CC_NAME_CONTRACT_STATUS_Signed_VAR
774,CC_NAME_CONTRACT_STATUS_nan_MIN
775,CC_NAME_CONTRACT_STATUS_nan_MAX
776,CC_NAME_CONTRACT_STATUS_nan_MEAN
777,CC_NAME_CONTRACT_STATUS_nan_SUM
778,CC_NAME_CONTRACT_STATUS_nan_VAR
779,CC_COUNT
